username1,username2,link1,link2,average_distance,distance_between_averages
andrewjst,andrewjst,http://goldironhack2016.herokuapp.com/p1-andrewjst/home.html,http://goldironhack2016.herokuapp.com/p1-andrewjst/home.html,,
andrewjst,beichhor,http://goldironhack2016.herokuapp.com/p1-andrewjst/home.html,http://goldironhack2016.herokuapp.com/p1-beichhor/home.html,,
andrewjst,bfellur,http://goldironhack2016.herokuapp.com/p1-andrewjst/home.html,http://goldironhack2016.herokuapp.com/p1-bfellur/home.html,,
andrewjst,ditton,http://goldironhack2016.herokuapp.com/p1-andrewjst/home.html,http://goldironhack2016.herokuapp.com/p1-ditton/home.html,,
andrewjst,gardne16,http://goldironhack2016.herokuapp.com/p1-andrewjst/home.html,http://goldironhack2016.herokuapp.com/p1-gardne16/2016-Purdue-Ironhacks-Tutorial-Project.html,,
andrewjst,gillism,http://goldironhack2016.herokuapp.com/p1-andrewjst/home.html,http://goldironhack2016.herokuapp.com/p1-gillism/home.html,,
andrewjst,hutchin5,http://goldironhack2016.herokuapp.com/p1-andrewjst/home.html,http://goldironhack2016.herokuapp.com/p1-hutchin5/2016-Purdue-Ironhacks-Tutorial-Project.html,,
andrewjst,jwbalazs,http://goldironhack2016.herokuapp.com/p1-andrewjst/home.html,http://goldironhack2016.herokuapp.com/p1-jwbalazs/home.html,,
andrewjst,lindunhe,http://goldironhack2016.herokuapp.com/p1-andrewjst/home.html,http://goldironhack2016.herokuapp.com/p1-lindunhe/home.html,,
andrewjst,marti763,http://goldironhack2016.herokuapp.com/p1-andrewjst/home.html,http://goldironhack2016.herokuapp.com/p1-marti763/2016-Purdue-Ironhacks-Tutorial-Project.html,,
andrewjst,michaelredding,http://goldironhack2016.herokuapp.com/p1-andrewjst/home.html,http://goldironhack2016.herokuapp.com/p1-michaelredding/index.php,,
andrewjst,mingranli,http://goldironhack2016.herokuapp.com/p1-andrewjst/home.html,http://goldironhack2016.herokuapp.com/p1-mingranli/index.php,,
andrewjst,mlung,http://goldironhack2016.herokuapp.com/p1-andrewjst/home.html,http://goldironhack2016.herokuapp.com/p1-mlung/2016-Purdue-Ironhacks-Tutorial-Project.html,,
andrewjst,owen9211,http://goldironhack2016.herokuapp.com/p1-andrewjst/home.html,http://goldironhack2016.herokuapp.com/p1-owen9211/home.html,,
andrewjst,peng115,http://goldironhack2016.herokuapp.com/p1-andrewjst/home.html,http://goldironhack2016.herokuapp.com/p1-peng115/2016-Purdue-Ironhacks-Tutorial-Project.html,,
andrewjst,ravengao,http://goldironhack2016.herokuapp.com/p1-andrewjst/home.html,http://goldironhack2016.herokuapp.com/p1-ravengao/home.html,,
andrewjst,ssandeep,http://goldironhack2016.herokuapp.com/p1-andrewjst/home.html,http://goldironhack2016.herokuapp.com/p1-ssandeep/home.html,,
andrewjst,steven91,http://goldironhack2016.herokuapp.com/p1-andrewjst/home.html,http://goldironhack2016.herokuapp.com/p1-steven91/home.html,,
andrewjst,tang227,http://goldironhack2016.herokuapp.com/p1-andrewjst/home.html,http://goldironhack2016.herokuapp.com/p1-tang227/home.html,,
andrewjst,vtung,http://goldironhack2016.herokuapp.com/p1-andrewjst/home.html,http://goldironhack2016.herokuapp.com/p1-vtung/home.html,,
andrewjst,wenjiewu,http://goldironhack2016.herokuapp.com/p1-andrewjst/home.html,http://goldironhack2016.herokuapp.com/p1-wenjiewu/2016-Purdue-Ironhacks-Tutorial-Project.html,,
andrewjst,yexin,http://goldironhack2016.herokuapp.com/p1-andrewjst/home.html,http://goldironhack2016.herokuapp.com/p1-yexin/home.html,,
andrewjst,yifeitai,http://goldironhack2016.herokuapp.com/p1-andrewjst/home.html,http://goldironhack2016.herokuapp.com/p1-yifeitai/2016-Purdue-Ironhacks-Tutorial-Project.html,,
andrewjst,yunhan,http://goldironhack2016.herokuapp.com/p1-andrewjst/home.html,http://goldironhack2016.herokuapp.com/p1-yunhan/home.html,,
andrewjst,zhan1046,http://goldironhack2016.herokuapp.com/p1-andrewjst/home.html,http://goldironhack2016.herokuapp.com/p1-zhan1046/home.html,,
andrewjst,zhan2709,http://goldironhack2016.herokuapp.com/p1-andrewjst/home.html,http://goldironhack2016.herokuapp.com/p1-zhan2709/home.html,,
andrewjst,zhao719,http://goldironhack2016.herokuapp.com/p1-andrewjst/home.html,http://goldironhack2016.herokuapp.com/p1-zhao719/home.html,,
andrewjst,zhe1994,http://goldironhack2016.herokuapp.com/p1-andrewjst/home.html,http://goldironhack2016.herokuapp.com/p1-zhe1994/home.html,,
beichhor,beichhor,http://goldironhack2016.herokuapp.com/p1-beichhor/home.html,http://goldironhack2016.herokuapp.com/p1-beichhor/home.html,,
beichhor,bfellur,http://goldironhack2016.herokuapp.com/p1-beichhor/home.html,http://goldironhack2016.herokuapp.com/p1-bfellur/home.html,,
beichhor,ditton,http://goldironhack2016.herokuapp.com/p1-beichhor/home.html,http://goldironhack2016.herokuapp.com/p1-ditton/home.html,,
beichhor,gardne16,http://goldironhack2016.herokuapp.com/p1-beichhor/home.html,http://goldironhack2016.herokuapp.com/p1-gardne16/2016-Purdue-Ironhacks-Tutorial-Project.html,,
beichhor,gillism,http://goldironhack2016.herokuapp.com/p1-beichhor/home.html,http://goldironhack2016.herokuapp.com/p1-gillism/home.html,,
beichhor,hutchin5,http://goldironhack2016.herokuapp.com/p1-beichhor/home.html,http://goldironhack2016.herokuapp.com/p1-hutchin5/2016-Purdue-Ironhacks-Tutorial-Project.html,,
beichhor,jwbalazs,http://goldironhack2016.herokuapp.com/p1-beichhor/home.html,http://goldironhack2016.herokuapp.com/p1-jwbalazs/home.html,,
beichhor,lindunhe,http://goldironhack2016.herokuapp.com/p1-beichhor/home.html,http://goldironhack2016.herokuapp.com/p1-lindunhe/home.html,,
beichhor,marti763,http://goldironhack2016.herokuapp.com/p1-beichhor/home.html,http://goldironhack2016.herokuapp.com/p1-marti763/2016-Purdue-Ironhacks-Tutorial-Project.html,,
beichhor,michaelredding,http://goldironhack2016.herokuapp.com/p1-beichhor/home.html,http://goldironhack2016.herokuapp.com/p1-michaelredding/index.php,,
beichhor,mingranli,http://goldironhack2016.herokuapp.com/p1-beichhor/home.html,http://goldironhack2016.herokuapp.com/p1-mingranli/index.php,,
beichhor,mlung,http://goldironhack2016.herokuapp.com/p1-beichhor/home.html,http://goldironhack2016.herokuapp.com/p1-mlung/2016-Purdue-Ironhacks-Tutorial-Project.html,,
beichhor,owen9211,http://goldironhack2016.herokuapp.com/p1-beichhor/home.html,http://goldironhack2016.herokuapp.com/p1-owen9211/home.html,,
beichhor,peng115,http://goldironhack2016.herokuapp.com/p1-beichhor/home.html,http://goldironhack2016.herokuapp.com/p1-peng115/2016-Purdue-Ironhacks-Tutorial-Project.html,,
beichhor,ravengao,http://goldironhack2016.herokuapp.com/p1-beichhor/home.html,http://goldironhack2016.herokuapp.com/p1-ravengao/home.html,,
beichhor,ssandeep,http://goldironhack2016.herokuapp.com/p1-beichhor/home.html,http://goldironhack2016.herokuapp.com/p1-ssandeep/home.html,,
beichhor,steven91,http://goldironhack2016.herokuapp.com/p1-beichhor/home.html,http://goldironhack2016.herokuapp.com/p1-steven91/home.html,,
beichhor,tang227,http://goldironhack2016.herokuapp.com/p1-beichhor/home.html,http://goldironhack2016.herokuapp.com/p1-tang227/home.html,,
beichhor,vtung,http://goldironhack2016.herokuapp.com/p1-beichhor/home.html,http://goldironhack2016.herokuapp.com/p1-vtung/home.html,,
beichhor,wenjiewu,http://goldironhack2016.herokuapp.com/p1-beichhor/home.html,http://goldironhack2016.herokuapp.com/p1-wenjiewu/2016-Purdue-Ironhacks-Tutorial-Project.html,,
beichhor,yexin,http://goldironhack2016.herokuapp.com/p1-beichhor/home.html,http://goldironhack2016.herokuapp.com/p1-yexin/home.html,,
beichhor,yifeitai,http://goldironhack2016.herokuapp.com/p1-beichhor/home.html,http://goldironhack2016.herokuapp.com/p1-yifeitai/2016-Purdue-Ironhacks-Tutorial-Project.html,,
beichhor,yunhan,http://goldironhack2016.herokuapp.com/p1-beichhor/home.html,http://goldironhack2016.herokuapp.com/p1-yunhan/home.html,,
beichhor,zhan1046,http://goldironhack2016.herokuapp.com/p1-beichhor/home.html,http://goldironhack2016.herokuapp.com/p1-zhan1046/home.html,,
beichhor,zhan2709,http://goldironhack2016.herokuapp.com/p1-beichhor/home.html,http://goldironhack2016.herokuapp.com/p1-zhan2709/home.html,,
beichhor,zhao719,http://goldironhack2016.herokuapp.com/p1-beichhor/home.html,http://goldironhack2016.herokuapp.com/p1-zhao719/home.html,,
beichhor,zhe1994,http://goldironhack2016.herokuapp.com/p1-beichhor/home.html,http://goldironhack2016.herokuapp.com/p1-zhe1994/home.html,,
bfellur,bfellur,http://goldironhack2016.herokuapp.com/p1-bfellur/home.html,http://goldironhack2016.herokuapp.com/p1-bfellur/home.html,,
bfellur,ditton,http://goldironhack2016.herokuapp.com/p1-bfellur/home.html,http://goldironhack2016.herokuapp.com/p1-ditton/home.html,,
bfellur,gardne16,http://goldironhack2016.herokuapp.com/p1-bfellur/home.html,http://goldironhack2016.herokuapp.com/p1-gardne16/2016-Purdue-Ironhacks-Tutorial-Project.html,,
bfellur,gillism,http://goldironhack2016.herokuapp.com/p1-bfellur/home.html,http://goldironhack2016.herokuapp.com/p1-gillism/home.html,,
bfellur,hutchin5,http://goldironhack2016.herokuapp.com/p1-bfellur/home.html,http://goldironhack2016.herokuapp.com/p1-hutchin5/2016-Purdue-Ironhacks-Tutorial-Project.html,,
bfellur,jwbalazs,http://goldironhack2016.herokuapp.com/p1-bfellur/home.html,http://goldironhack2016.herokuapp.com/p1-jwbalazs/home.html,,
bfellur,lindunhe,http://goldironhack2016.herokuapp.com/p1-bfellur/home.html,http://goldironhack2016.herokuapp.com/p1-lindunhe/home.html,,
bfellur,marti763,http://goldironhack2016.herokuapp.com/p1-bfellur/home.html,http://goldironhack2016.herokuapp.com/p1-marti763/2016-Purdue-Ironhacks-Tutorial-Project.html,,
bfellur,michaelredding,http://goldironhack2016.herokuapp.com/p1-bfellur/home.html,http://goldironhack2016.herokuapp.com/p1-michaelredding/index.php,,
bfellur,mingranli,http://goldironhack2016.herokuapp.com/p1-bfellur/home.html,http://goldironhack2016.herokuapp.com/p1-mingranli/index.php,,
bfellur,mlung,http://goldironhack2016.herokuapp.com/p1-bfellur/home.html,http://goldironhack2016.herokuapp.com/p1-mlung/2016-Purdue-Ironhacks-Tutorial-Project.html,,
bfellur,owen9211,http://goldironhack2016.herokuapp.com/p1-bfellur/home.html,http://goldironhack2016.herokuapp.com/p1-owen9211/home.html,,
bfellur,peng115,http://goldironhack2016.herokuapp.com/p1-bfellur/home.html,http://goldironhack2016.herokuapp.com/p1-peng115/2016-Purdue-Ironhacks-Tutorial-Project.html,,
bfellur,ravengao,http://goldironhack2016.herokuapp.com/p1-bfellur/home.html,http://goldironhack2016.herokuapp.com/p1-ravengao/home.html,,
bfellur,ssandeep,http://goldironhack2016.herokuapp.com/p1-bfellur/home.html,http://goldironhack2016.herokuapp.com/p1-ssandeep/home.html,,
bfellur,steven91,http://goldironhack2016.herokuapp.com/p1-bfellur/home.html,http://goldironhack2016.herokuapp.com/p1-steven91/home.html,,
bfellur,tang227,http://goldironhack2016.herokuapp.com/p1-bfellur/home.html,http://goldironhack2016.herokuapp.com/p1-tang227/home.html,,
bfellur,vtung,http://goldironhack2016.herokuapp.com/p1-bfellur/home.html,http://goldironhack2016.herokuapp.com/p1-vtung/home.html,,
bfellur,wenjiewu,http://goldironhack2016.herokuapp.com/p1-bfellur/home.html,http://goldironhack2016.herokuapp.com/p1-wenjiewu/2016-Purdue-Ironhacks-Tutorial-Project.html,,
bfellur,yexin,http://goldironhack2016.herokuapp.com/p1-bfellur/home.html,http://goldironhack2016.herokuapp.com/p1-yexin/home.html,,
bfellur,yifeitai,http://goldironhack2016.herokuapp.com/p1-bfellur/home.html,http://goldironhack2016.herokuapp.com/p1-yifeitai/2016-Purdue-Ironhacks-Tutorial-Project.html,,
bfellur,yunhan,http://goldironhack2016.herokuapp.com/p1-bfellur/home.html,http://goldironhack2016.herokuapp.com/p1-yunhan/home.html,,
bfellur,zhan1046,http://goldironhack2016.herokuapp.com/p1-bfellur/home.html,http://goldironhack2016.herokuapp.com/p1-zhan1046/home.html,,
bfellur,zhan2709,http://goldironhack2016.herokuapp.com/p1-bfellur/home.html,http://goldironhack2016.herokuapp.com/p1-zhan2709/home.html,,
bfellur,zhao719,http://goldironhack2016.herokuapp.com/p1-bfellur/home.html,http://goldironhack2016.herokuapp.com/p1-zhao719/home.html,,
bfellur,zhe1994,http://goldironhack2016.herokuapp.com/p1-bfellur/home.html,http://goldironhack2016.herokuapp.com/p1-zhe1994/home.html,,
ditton,ditton,http://goldironhack2016.herokuapp.com/p1-ditton/home.html,http://goldironhack2016.herokuapp.com/p1-ditton/home.html,,
ditton,gardne16,http://goldironhack2016.herokuapp.com/p1-ditton/home.html,http://goldironhack2016.herokuapp.com/p1-gardne16/2016-Purdue-Ironhacks-Tutorial-Project.html,,
ditton,gillism,http://goldironhack2016.herokuapp.com/p1-ditton/home.html,http://goldironhack2016.herokuapp.com/p1-gillism/home.html,,
ditton,hutchin5,http://goldironhack2016.herokuapp.com/p1-ditton/home.html,http://goldironhack2016.herokuapp.com/p1-hutchin5/2016-Purdue-Ironhacks-Tutorial-Project.html,,
ditton,jwbalazs,http://goldironhack2016.herokuapp.com/p1-ditton/home.html,http://goldironhack2016.herokuapp.com/p1-jwbalazs/home.html,,
ditton,lindunhe,http://goldironhack2016.herokuapp.com/p1-ditton/home.html,http://goldironhack2016.herokuapp.com/p1-lindunhe/home.html,,
ditton,marti763,http://goldironhack2016.herokuapp.com/p1-ditton/home.html,http://goldironhack2016.herokuapp.com/p1-marti763/2016-Purdue-Ironhacks-Tutorial-Project.html,,
ditton,michaelredding,http://goldironhack2016.herokuapp.com/p1-ditton/home.html,http://goldironhack2016.herokuapp.com/p1-michaelredding/index.php,,
ditton,mingranli,http://goldironhack2016.herokuapp.com/p1-ditton/home.html,http://goldironhack2016.herokuapp.com/p1-mingranli/index.php,,
ditton,mlung,http://goldironhack2016.herokuapp.com/p1-ditton/home.html,http://goldironhack2016.herokuapp.com/p1-mlung/2016-Purdue-Ironhacks-Tutorial-Project.html,,
ditton,owen9211,http://goldironhack2016.herokuapp.com/p1-ditton/home.html,http://goldironhack2016.herokuapp.com/p1-owen9211/home.html,,
ditton,peng115,http://goldironhack2016.herokuapp.com/p1-ditton/home.html,http://goldironhack2016.herokuapp.com/p1-peng115/2016-Purdue-Ironhacks-Tutorial-Project.html,,
ditton,ravengao,http://goldironhack2016.herokuapp.com/p1-ditton/home.html,http://goldironhack2016.herokuapp.com/p1-ravengao/home.html,,
ditton,ssandeep,http://goldironhack2016.herokuapp.com/p1-ditton/home.html,http://goldironhack2016.herokuapp.com/p1-ssandeep/home.html,,
ditton,steven91,http://goldironhack2016.herokuapp.com/p1-ditton/home.html,http://goldironhack2016.herokuapp.com/p1-steven91/home.html,,
ditton,tang227,http://goldironhack2016.herokuapp.com/p1-ditton/home.html,http://goldironhack2016.herokuapp.com/p1-tang227/home.html,,
ditton,vtung,http://goldironhack2016.herokuapp.com/p1-ditton/home.html,http://goldironhack2016.herokuapp.com/p1-vtung/home.html,,
ditton,wenjiewu,http://goldironhack2016.herokuapp.com/p1-ditton/home.html,http://goldironhack2016.herokuapp.com/p1-wenjiewu/2016-Purdue-Ironhacks-Tutorial-Project.html,,
ditton,yexin,http://goldironhack2016.herokuapp.com/p1-ditton/home.html,http://goldironhack2016.herokuapp.com/p1-yexin/home.html,,
ditton,yifeitai,http://goldironhack2016.herokuapp.com/p1-ditton/home.html,http://goldironhack2016.herokuapp.com/p1-yifeitai/2016-Purdue-Ironhacks-Tutorial-Project.html,,
ditton,yunhan,http://goldironhack2016.herokuapp.com/p1-ditton/home.html,http://goldironhack2016.herokuapp.com/p1-yunhan/home.html,,
ditton,zhan1046,http://goldironhack2016.herokuapp.com/p1-ditton/home.html,http://goldironhack2016.herokuapp.com/p1-zhan1046/home.html,,
ditton,zhan2709,http://goldironhack2016.herokuapp.com/p1-ditton/home.html,http://goldironhack2016.herokuapp.com/p1-zhan2709/home.html,,
ditton,zhao719,http://goldironhack2016.herokuapp.com/p1-ditton/home.html,http://goldironhack2016.herokuapp.com/p1-zhao719/home.html,,
ditton,zhe1994,http://goldironhack2016.herokuapp.com/p1-ditton/home.html,http://goldironhack2016.herokuapp.com/p1-zhe1994/home.html,,
gardne16,gardne16,http://goldironhack2016.herokuapp.com/p1-gardne16/2016-Purdue-Ironhacks-Tutorial-Project.html,http://goldironhack2016.herokuapp.com/p1-gardne16/2016-Purdue-Ironhacks-Tutorial-Project.html,11.396109241841469,0
gardne16,gillism,http://goldironhack2016.herokuapp.com/p1-gardne16/2016-Purdue-Ironhacks-Tutorial-Project.html,http://goldironhack2016.herokuapp.com/p1-gillism/home.html,,
gardne16,hutchin5,http://goldironhack2016.herokuapp.com/p1-gardne16/2016-Purdue-Ironhacks-Tutorial-Project.html,http://goldironhack2016.herokuapp.com/p1-hutchin5/2016-Purdue-Ironhacks-Tutorial-Project.html,11.396109241841469,0
gardne16,jwbalazs,http://goldironhack2016.herokuapp.com/p1-gardne16/2016-Purdue-Ironhacks-Tutorial-Project.html,http://goldironhack2016.herokuapp.com/p1-jwbalazs/home.html,,
gardne16,lindunhe,http://goldironhack2016.herokuapp.com/p1-gardne16/2016-Purdue-Ironhacks-Tutorial-Project.html,http://goldironhack2016.herokuapp.com/p1-lindunhe/home.html,,
gardne16,marti763,http://goldironhack2016.herokuapp.com/p1-gardne16/2016-Purdue-Ironhacks-Tutorial-Project.html,http://goldironhack2016.herokuapp.com/p1-marti763/2016-Purdue-Ironhacks-Tutorial-Project.html,11.396109241841469,0
gardne16,michaelredding,http://goldironhack2016.herokuapp.com/p1-gardne16/2016-Purdue-Ironhacks-Tutorial-Project.html,http://goldironhack2016.herokuapp.com/p1-michaelredding/index.php,11.396109241841469,0
gardne16,mingranli,http://goldironhack2016.herokuapp.com/p1-gardne16/2016-Purdue-Ironhacks-Tutorial-Project.html,http://goldironhack2016.herokuapp.com/p1-mingranli/index.php,11.396109241841469,0
gardne16,mlung,http://goldironhack2016.herokuapp.com/p1-gardne16/2016-Purdue-Ironhacks-Tutorial-Project.html,http://goldironhack2016.herokuapp.com/p1-mlung/2016-Purdue-Ironhacks-Tutorial-Project.html,11.396109241841469,0
gardne16,owen9211,http://goldironhack2016.herokuapp.com/p1-gardne16/2016-Purdue-Ironhacks-Tutorial-Project.html,http://goldironhack2016.herokuapp.com/p1-owen9211/home.html,,
gardne16,peng115,http://goldironhack2016.herokuapp.com/p1-gardne16/2016-Purdue-Ironhacks-Tutorial-Project.html,http://goldironhack2016.herokuapp.com/p1-peng115/2016-Purdue-Ironhacks-Tutorial-Project.html,11.396109241841469,0
gardne16,ravengao,http://goldironhack2016.herokuapp.com/p1-gardne16/2016-Purdue-Ironhacks-Tutorial-Project.html,http://goldironhack2016.herokuapp.com/p1-ravengao/home.html,,
gardne16,ssandeep,http://goldironhack2016.herokuapp.com/p1-gardne16/2016-Purdue-Ironhacks-Tutorial-Project.html,http://goldironhack2016.herokuapp.com/p1-ssandeep/home.html,,
gardne16,steven91,http://goldironhack2016.herokuapp.com/p1-gardne16/2016-Purdue-Ironhacks-Tutorial-Project.html,http://goldironhack2016.herokuapp.com/p1-steven91/home.html,,
gardne16,tang227,http://goldironhack2016.herokuapp.com/p1-gardne16/2016-Purdue-Ironhacks-Tutorial-Project.html,http://goldironhack2016.herokuapp.com/p1-tang227/home.html,,
gardne16,vtung,http://goldironhack2016.herokuapp.com/p1-gardne16/2016-Purdue-Ironhacks-Tutorial-Project.html,http://goldironhack2016.herokuapp.com/p1-vtung/home.html,,
gardne16,wenjiewu,http://goldironhack2016.herokuapp.com/p1-gardne16/2016-Purdue-Ironhacks-Tutorial-Project.html,http://goldironhack2016.herokuapp.com/p1-wenjiewu/2016-Purdue-Ironhacks-Tutorial-Project.html,11.396109241841469,0
gardne16,yexin,http://goldironhack2016.herokuapp.com/p1-gardne16/2016-Purdue-Ironhacks-Tutorial-Project.html,http://goldironhack2016.herokuapp.com/p1-yexin/home.html,,
gardne16,yifeitai,http://goldironhack2016.herokuapp.com/p1-gardne16/2016-Purdue-Ironhacks-Tutorial-Project.html,http://goldironhack2016.herokuapp.com/p1-yifeitai/2016-Purdue-Ironhacks-Tutorial-Project.html,11.396109241841469,0
gardne16,yunhan,http://goldironhack2016.herokuapp.com/p1-gardne16/2016-Purdue-Ironhacks-Tutorial-Project.html,http://goldironhack2016.herokuapp.com/p1-yunhan/home.html,,
gardne16,zhan1046,http://goldironhack2016.herokuapp.com/p1-gardne16/2016-Purdue-Ironhacks-Tutorial-Project.html,http://goldironhack2016.herokuapp.com/p1-zhan1046/home.html,,
gardne16,zhan2709,http://goldironhack2016.herokuapp.com/p1-gardne16/2016-Purdue-Ironhacks-Tutorial-Project.html,http://goldironhack2016.herokuapp.com/p1-zhan2709/home.html,,
gardne16,zhao719,http://goldironhack2016.herokuapp.com/p1-gardne16/2016-Purdue-Ironhacks-Tutorial-Project.html,http://goldironhack2016.herokuapp.com/p1-zhao719/home.html,,
gardne16,zhe1994,http://goldironhack2016.herokuapp.com/p1-gardne16/2016-Purdue-Ironhacks-Tutorial-Project.html,http://goldironhack2016.herokuapp.com/p1-zhe1994/home.html,,
gillism,gillism,http://goldironhack2016.herokuapp.com/p1-gillism/home.html,http://goldironhack2016.herokuapp.com/p1-gillism/home.html,,
gillism,hutchin5,http://goldironhack2016.herokuapp.com/p1-gillism/home.html,http://goldironhack2016.herokuapp.com/p1-hutchin5/2016-Purdue-Ironhacks-Tutorial-Project.html,,
gillism,jwbalazs,http://goldironhack2016.herokuapp.com/p1-gillism/home.html,http://goldironhack2016.herokuapp.com/p1-jwbalazs/home.html,,
gillism,lindunhe,http://goldironhack2016.herokuapp.com/p1-gillism/home.html,http://goldironhack2016.herokuapp.com/p1-lindunhe/home.html,,
gillism,marti763,http://goldironhack2016.herokuapp.com/p1-gillism/home.html,http://goldironhack2016.herokuapp.com/p1-marti763/2016-Purdue-Ironhacks-Tutorial-Project.html,,
gillism,michaelredding,http://goldironhack2016.herokuapp.com/p1-gillism/home.html,http://goldironhack2016.herokuapp.com/p1-michaelredding/index.php,,
gillism,mingranli,http://goldironhack2016.herokuapp.com/p1-gillism/home.html,http://goldironhack2016.herokuapp.com/p1-mingranli/index.php,,
gillism,mlung,http://goldironhack2016.herokuapp.com/p1-gillism/home.html,http://goldironhack2016.herokuapp.com/p1-mlung/2016-Purdue-Ironhacks-Tutorial-Project.html,,
gillism,owen9211,http://goldironhack2016.herokuapp.com/p1-gillism/home.html,http://goldironhack2016.herokuapp.com/p1-owen9211/home.html,,
gillism,peng115,http://goldironhack2016.herokuapp.com/p1-gillism/home.html,http://goldironhack2016.herokuapp.com/p1-peng115/2016-Purdue-Ironhacks-Tutorial-Project.html,,
gillism,ravengao,http://goldironhack2016.herokuapp.com/p1-gillism/home.html,http://goldironhack2016.herokuapp.com/p1-ravengao/home.html,,
gillism,ssandeep,http://goldironhack2016.herokuapp.com/p1-gillism/home.html,http://goldironhack2016.herokuapp.com/p1-ssandeep/home.html,,
gillism,steven91,http://goldironhack2016.herokuapp.com/p1-gillism/home.html,http://goldironhack2016.herokuapp.com/p1-steven91/home.html,,
gillism,tang227,http://goldironhack2016.herokuapp.com/p1-gillism/home.html,http://goldironhack2016.herokuapp.com/p1-tang227/home.html,,
gillism,vtung,http://goldironhack2016.herokuapp.com/p1-gillism/home.html,http://goldironhack2016.herokuapp.com/p1-vtung/home.html,,
gillism,wenjiewu,http://goldironhack2016.herokuapp.com/p1-gillism/home.html,http://goldironhack2016.herokuapp.com/p1-wenjiewu/2016-Purdue-Ironhacks-Tutorial-Project.html,,
gillism,yexin,http://goldironhack2016.herokuapp.com/p1-gillism/home.html,http://goldironhack2016.herokuapp.com/p1-yexin/home.html,,
gillism,yifeitai,http://goldironhack2016.herokuapp.com/p1-gillism/home.html,http://goldironhack2016.herokuapp.com/p1-yifeitai/2016-Purdue-Ironhacks-Tutorial-Project.html,,
gillism,yunhan,http://goldironhack2016.herokuapp.com/p1-gillism/home.html,http://goldironhack2016.herokuapp.com/p1-yunhan/home.html,,
gillism,zhan1046,http://goldironhack2016.herokuapp.com/p1-gillism/home.html,http://goldironhack2016.herokuapp.com/p1-zhan1046/home.html,,
gillism,zhan2709,http://goldironhack2016.herokuapp.com/p1-gillism/home.html,http://goldironhack2016.herokuapp.com/p1-zhan2709/home.html,,
gillism,zhao719,http://goldironhack2016.herokuapp.com/p1-gillism/home.html,http://goldironhack2016.herokuapp.com/p1-zhao719/home.html,,
gillism,zhe1994,http://goldironhack2016.herokuapp.com/p1-gillism/home.html,http://goldironhack2016.herokuapp.com/p1-zhe1994/home.html,,
hutchin5,hutchin5,http://goldironhack2016.herokuapp.com/p1-hutchin5/2016-Purdue-Ironhacks-Tutorial-Project.html,http://goldironhack2016.herokuapp.com/p1-hutchin5/2016-Purdue-Ironhacks-Tutorial-Project.html,11.396109241841469,0
hutchin5,jwbalazs,http://goldironhack2016.herokuapp.com/p1-hutchin5/2016-Purdue-Ironhacks-Tutorial-Project.html,http://goldironhack2016.herokuapp.com/p1-jwbalazs/home.html,,
hutchin5,lindunhe,http://goldironhack2016.herokuapp.com/p1-hutchin5/2016-Purdue-Ironhacks-Tutorial-Project.html,http://goldironhack2016.herokuapp.com/p1-lindunhe/home.html,,
hutchin5,marti763,http://goldironhack2016.herokuapp.com/p1-hutchin5/2016-Purdue-Ironhacks-Tutorial-Project.html,http://goldironhack2016.herokuapp.com/p1-marti763/2016-Purdue-Ironhacks-Tutorial-Project.html,11.396109241841469,0
hutchin5,michaelredding,http://goldironhack2016.herokuapp.com/p1-hutchin5/2016-Purdue-Ironhacks-Tutorial-Project.html,http://goldironhack2016.herokuapp.com/p1-michaelredding/index.php,11.396109241841469,0
hutchin5,mingranli,http://goldironhack2016.herokuapp.com/p1-hutchin5/2016-Purdue-Ironhacks-Tutorial-Project.html,http://goldironhack2016.herokuapp.com/p1-mingranli/index.php,11.396109241841469,0
hutchin5,mlung,http://goldironhack2016.herokuapp.com/p1-hutchin5/2016-Purdue-Ironhacks-Tutorial-Project.html,http://goldironhack2016.herokuapp.com/p1-mlung/2016-Purdue-Ironhacks-Tutorial-Project.html,11.396109241841469,0
hutchin5,owen9211,http://goldironhack2016.herokuapp.com/p1-hutchin5/2016-Purdue-Ironhacks-Tutorial-Project.html,http://goldironhack2016.herokuapp.com/p1-owen9211/home.html,,
hutchin5,peng115,http://goldironhack2016.herokuapp.com/p1-hutchin5/2016-Purdue-Ironhacks-Tutorial-Project.html,http://goldironhack2016.herokuapp.com/p1-peng115/2016-Purdue-Ironhacks-Tutorial-Project.html,11.396109241841469,0
hutchin5,ravengao,http://goldironhack2016.herokuapp.com/p1-hutchin5/2016-Purdue-Ironhacks-Tutorial-Project.html,http://goldironhack2016.herokuapp.com/p1-ravengao/home.html,,
hutchin5,ssandeep,http://goldironhack2016.herokuapp.com/p1-hutchin5/2016-Purdue-Ironhacks-Tutorial-Project.html,http://goldironhack2016.herokuapp.com/p1-ssandeep/home.html,,
hutchin5,steven91,http://goldironhack2016.herokuapp.com/p1-hutchin5/2016-Purdue-Ironhacks-Tutorial-Project.html,http://goldironhack2016.herokuapp.com/p1-steven91/home.html,,
hutchin5,tang227,http://goldironhack2016.herokuapp.com/p1-hutchin5/2016-Purdue-Ironhacks-Tutorial-Project.html,http://goldironhack2016.herokuapp.com/p1-tang227/home.html,,
hutchin5,vtung,http://goldironhack2016.herokuapp.com/p1-hutchin5/2016-Purdue-Ironhacks-Tutorial-Project.html,http://goldironhack2016.herokuapp.com/p1-vtung/home.html,,
hutchin5,wenjiewu,http://goldironhack2016.herokuapp.com/p1-hutchin5/2016-Purdue-Ironhacks-Tutorial-Project.html,http://goldironhack2016.herokuapp.com/p1-wenjiewu/2016-Purdue-Ironhacks-Tutorial-Project.html,11.396109241841469,0
hutchin5,yexin,http://goldironhack2016.herokuapp.com/p1-hutchin5/2016-Purdue-Ironhacks-Tutorial-Project.html,http://goldironhack2016.herokuapp.com/p1-yexin/home.html,,
hutchin5,yifeitai,http://goldironhack2016.herokuapp.com/p1-hutchin5/2016-Purdue-Ironhacks-Tutorial-Project.html,http://goldironhack2016.herokuapp.com/p1-yifeitai/2016-Purdue-Ironhacks-Tutorial-Project.html,11.396109241841469,0
hutchin5,yunhan,http://goldironhack2016.herokuapp.com/p1-hutchin5/2016-Purdue-Ironhacks-Tutorial-Project.html,http://goldironhack2016.herokuapp.com/p1-yunhan/home.html,,
hutchin5,zhan1046,http://goldironhack2016.herokuapp.com/p1-hutchin5/2016-Purdue-Ironhacks-Tutorial-Project.html,http://goldironhack2016.herokuapp.com/p1-zhan1046/home.html,,
hutchin5,zhan2709,http://goldironhack2016.herokuapp.com/p1-hutchin5/2016-Purdue-Ironhacks-Tutorial-Project.html,http://goldironhack2016.herokuapp.com/p1-zhan2709/home.html,,
hutchin5,zhao719,http://goldironhack2016.herokuapp.com/p1-hutchin5/2016-Purdue-Ironhacks-Tutorial-Project.html,http://goldironhack2016.herokuapp.com/p1-zhao719/home.html,,
hutchin5,zhe1994,http://goldironhack2016.herokuapp.com/p1-hutchin5/2016-Purdue-Ironhacks-Tutorial-Project.html,http://goldironhack2016.herokuapp.com/p1-zhe1994/home.html,,
jwbalazs,jwbalazs,http://goldironhack2016.herokuapp.com/p1-jwbalazs/home.html,http://goldironhack2016.herokuapp.com/p1-jwbalazs/home.html,,
jwbalazs,lindunhe,http://goldironhack2016.herokuapp.com/p1-jwbalazs/home.html,http://goldironhack2016.herokuapp.com/p1-lindunhe/home.html,,
jwbalazs,marti763,http://goldironhack2016.herokuapp.com/p1-jwbalazs/home.html,http://goldironhack2016.herokuapp.com/p1-marti763/2016-Purdue-Ironhacks-Tutorial-Project.html,,
jwbalazs,michaelredding,http://goldironhack2016.herokuapp.com/p1-jwbalazs/home.html,http://goldironhack2016.herokuapp.com/p1-michaelredding/index.php,,
jwbalazs,mingranli,http://goldironhack2016.herokuapp.com/p1-jwbalazs/home.html,http://goldironhack2016.herokuapp.com/p1-mingranli/index.php,,
jwbalazs,mlung,http://goldironhack2016.herokuapp.com/p1-jwbalazs/home.html,http://goldironhack2016.herokuapp.com/p1-mlung/2016-Purdue-Ironhacks-Tutorial-Project.html,,
jwbalazs,owen9211,http://goldironhack2016.herokuapp.com/p1-jwbalazs/home.html,http://goldironhack2016.herokuapp.com/p1-owen9211/home.html,,
jwbalazs,peng115,http://goldironhack2016.herokuapp.com/p1-jwbalazs/home.html,http://goldironhack2016.herokuapp.com/p1-peng115/2016-Purdue-Ironhacks-Tutorial-Project.html,,
jwbalazs,ravengao,http://goldironhack2016.herokuapp.com/p1-jwbalazs/home.html,http://goldironhack2016.herokuapp.com/p1-ravengao/home.html,,
jwbalazs,ssandeep,http://goldironhack2016.herokuapp.com/p1-jwbalazs/home.html,http://goldironhack2016.herokuapp.com/p1-ssandeep/home.html,,
jwbalazs,steven91,http://goldironhack2016.herokuapp.com/p1-jwbalazs/home.html,http://goldironhack2016.herokuapp.com/p1-steven91/home.html,,
jwbalazs,tang227,http://goldironhack2016.herokuapp.com/p1-jwbalazs/home.html,http://goldironhack2016.herokuapp.com/p1-tang227/home.html,,
jwbalazs,vtung,http://goldironhack2016.herokuapp.com/p1-jwbalazs/home.html,http://goldironhack2016.herokuapp.com/p1-vtung/home.html,,
jwbalazs,wenjiewu,http://goldironhack2016.herokuapp.com/p1-jwbalazs/home.html,http://goldironhack2016.herokuapp.com/p1-wenjiewu/2016-Purdue-Ironhacks-Tutorial-Project.html,,
jwbalazs,yexin,http://goldironhack2016.herokuapp.com/p1-jwbalazs/home.html,http://goldironhack2016.herokuapp.com/p1-yexin/home.html,,
jwbalazs,yifeitai,http://goldironhack2016.herokuapp.com/p1-jwbalazs/home.html,http://goldironhack2016.herokuapp.com/p1-yifeitai/2016-Purdue-Ironhacks-Tutorial-Project.html,,
jwbalazs,yunhan,http://goldironhack2016.herokuapp.com/p1-jwbalazs/home.html,http://goldironhack2016.herokuapp.com/p1-yunhan/home.html,,
jwbalazs,zhan1046,http://goldironhack2016.herokuapp.com/p1-jwbalazs/home.html,http://goldironhack2016.herokuapp.com/p1-zhan1046/home.html,,
jwbalazs,zhan2709,http://goldironhack2016.herokuapp.com/p1-jwbalazs/home.html,http://goldironhack2016.herokuapp.com/p1-zhan2709/home.html,,
jwbalazs,zhao719,http://goldironhack2016.herokuapp.com/p1-jwbalazs/home.html,http://goldironhack2016.herokuapp.com/p1-zhao719/home.html,,
jwbalazs,zhe1994,http://goldironhack2016.herokuapp.com/p1-jwbalazs/home.html,http://goldironhack2016.herokuapp.com/p1-zhe1994/home.html,,
lindunhe,lindunhe,http://goldironhack2016.herokuapp.com/p1-lindunhe/home.html,http://goldironhack2016.herokuapp.com/p1-lindunhe/home.html,,
lindunhe,marti763,http://goldironhack2016.herokuapp.com/p1-lindunhe/home.html,http://goldironhack2016.herokuapp.com/p1-marti763/2016-Purdue-Ironhacks-Tutorial-Project.html,,
lindunhe,michaelredding,http://goldironhack2016.herokuapp.com/p1-lindunhe/home.html,http://goldironhack2016.herokuapp.com/p1-michaelredding/index.php,,
lindunhe,mingranli,http://goldironhack2016.herokuapp.com/p1-lindunhe/home.html,http://goldironhack2016.herokuapp.com/p1-mingranli/index.php,,
lindunhe,mlung,http://goldironhack2016.herokuapp.com/p1-lindunhe/home.html,http://goldironhack2016.herokuapp.com/p1-mlung/2016-Purdue-Ironhacks-Tutorial-Project.html,,
lindunhe,owen9211,http://goldironhack2016.herokuapp.com/p1-lindunhe/home.html,http://goldironhack2016.herokuapp.com/p1-owen9211/home.html,,
lindunhe,peng115,http://goldironhack2016.herokuapp.com/p1-lindunhe/home.html,http://goldironhack2016.herokuapp.com/p1-peng115/2016-Purdue-Ironhacks-Tutorial-Project.html,,
lindunhe,ravengao,http://goldironhack2016.herokuapp.com/p1-lindunhe/home.html,http://goldironhack2016.herokuapp.com/p1-ravengao/home.html,,
lindunhe,ssandeep,http://goldironhack2016.herokuapp.com/p1-lindunhe/home.html,http://goldironhack2016.herokuapp.com/p1-ssandeep/home.html,,
lindunhe,steven91,http://goldironhack2016.herokuapp.com/p1-lindunhe/home.html,http://goldironhack2016.herokuapp.com/p1-steven91/home.html,,
lindunhe,tang227,http://goldironhack2016.herokuapp.com/p1-lindunhe/home.html,http://goldironhack2016.herokuapp.com/p1-tang227/home.html,,
lindunhe,vtung,http://goldironhack2016.herokuapp.com/p1-lindunhe/home.html,http://goldironhack2016.herokuapp.com/p1-vtung/home.html,,
lindunhe,wenjiewu,http://goldironhack2016.herokuapp.com/p1-lindunhe/home.html,http://goldironhack2016.herokuapp.com/p1-wenjiewu/2016-Purdue-Ironhacks-Tutorial-Project.html,,
lindunhe,yexin,http://goldironhack2016.herokuapp.com/p1-lindunhe/home.html,http://goldironhack2016.herokuapp.com/p1-yexin/home.html,,
lindunhe,yifeitai,http://goldironhack2016.herokuapp.com/p1-lindunhe/home.html,http://goldironhack2016.herokuapp.com/p1-yifeitai/2016-Purdue-Ironhacks-Tutorial-Project.html,,
lindunhe,yunhan,http://goldironhack2016.herokuapp.com/p1-lindunhe/home.html,http://goldironhack2016.herokuapp.com/p1-yunhan/home.html,,
lindunhe,zhan1046,http://goldironhack2016.herokuapp.com/p1-lindunhe/home.html,http://goldironhack2016.herokuapp.com/p1-zhan1046/home.html,,
lindunhe,zhan2709,http://goldironhack2016.herokuapp.com/p1-lindunhe/home.html,http://goldironhack2016.herokuapp.com/p1-zhan2709/home.html,,
lindunhe,zhao719,http://goldironhack2016.herokuapp.com/p1-lindunhe/home.html,http://goldironhack2016.herokuapp.com/p1-zhao719/home.html,,
lindunhe,zhe1994,http://goldironhack2016.herokuapp.com/p1-lindunhe/home.html,http://goldironhack2016.herokuapp.com/p1-zhe1994/home.html,,
marti763,marti763,http://goldironhack2016.herokuapp.com/p1-marti763/2016-Purdue-Ironhacks-Tutorial-Project.html,http://goldironhack2016.herokuapp.com/p1-marti763/2016-Purdue-Ironhacks-Tutorial-Project.html,11.396109241841469,0
marti763,michaelredding,http://goldironhack2016.herokuapp.com/p1-marti763/2016-Purdue-Ironhacks-Tutorial-Project.html,http://goldironhack2016.herokuapp.com/p1-michaelredding/index.php,11.396109241841469,0
marti763,mingranli,http://goldironhack2016.herokuapp.com/p1-marti763/2016-Purdue-Ironhacks-Tutorial-Project.html,http://goldironhack2016.herokuapp.com/p1-mingranli/index.php,11.396109241841469,0
marti763,mlung,http://goldironhack2016.herokuapp.com/p1-marti763/2016-Purdue-Ironhacks-Tutorial-Project.html,http://goldironhack2016.herokuapp.com/p1-mlung/2016-Purdue-Ironhacks-Tutorial-Project.html,11.396109241841469,0
marti763,owen9211,http://goldironhack2016.herokuapp.com/p1-marti763/2016-Purdue-Ironhacks-Tutorial-Project.html,http://goldironhack2016.herokuapp.com/p1-owen9211/home.html,,
marti763,peng115,http://goldironhack2016.herokuapp.com/p1-marti763/2016-Purdue-Ironhacks-Tutorial-Project.html,http://goldironhack2016.herokuapp.com/p1-peng115/2016-Purdue-Ironhacks-Tutorial-Project.html,11.396109241841469,0
marti763,ravengao,http://goldironhack2016.herokuapp.com/p1-marti763/2016-Purdue-Ironhacks-Tutorial-Project.html,http://goldironhack2016.herokuapp.com/p1-ravengao/home.html,,
marti763,ssandeep,http://goldironhack2016.herokuapp.com/p1-marti763/2016-Purdue-Ironhacks-Tutorial-Project.html,http://goldironhack2016.herokuapp.com/p1-ssandeep/home.html,,
marti763,steven91,http://goldironhack2016.herokuapp.com/p1-marti763/2016-Purdue-Ironhacks-Tutorial-Project.html,http://goldironhack2016.herokuapp.com/p1-steven91/home.html,,
marti763,tang227,http://goldironhack2016.herokuapp.com/p1-marti763/2016-Purdue-Ironhacks-Tutorial-Project.html,http://goldironhack2016.herokuapp.com/p1-tang227/home.html,,
marti763,vtung,http://goldironhack2016.herokuapp.com/p1-marti763/2016-Purdue-Ironhacks-Tutorial-Project.html,http://goldironhack2016.herokuapp.com/p1-vtung/home.html,,
marti763,wenjiewu,http://goldironhack2016.herokuapp.com/p1-marti763/2016-Purdue-Ironhacks-Tutorial-Project.html,http://goldironhack2016.herokuapp.com/p1-wenjiewu/2016-Purdue-Ironhacks-Tutorial-Project.html,11.396109241841469,0
marti763,yexin,http://goldironhack2016.herokuapp.com/p1-marti763/2016-Purdue-Ironhacks-Tutorial-Project.html,http://goldironhack2016.herokuapp.com/p1-yexin/home.html,,
marti763,yifeitai,http://goldironhack2016.herokuapp.com/p1-marti763/2016-Purdue-Ironhacks-Tutorial-Project.html,http://goldironhack2016.herokuapp.com/p1-yifeitai/2016-Purdue-Ironhacks-Tutorial-Project.html,11.396109241841469,0
marti763,yunhan,http://goldironhack2016.herokuapp.com/p1-marti763/2016-Purdue-Ironhacks-Tutorial-Project.html,http://goldironhack2016.herokuapp.com/p1-yunhan/home.html,,
marti763,zhan1046,http://goldironhack2016.herokuapp.com/p1-marti763/2016-Purdue-Ironhacks-Tutorial-Project.html,http://goldironhack2016.herokuapp.com/p1-zhan1046/home.html,,
marti763,zhan2709,http://goldironhack2016.herokuapp.com/p1-marti763/2016-Purdue-Ironhacks-Tutorial-Project.html,http://goldironhack2016.herokuapp.com/p1-zhan2709/home.html,,
marti763,zhao719,http://goldironhack2016.herokuapp.com/p1-marti763/2016-Purdue-Ironhacks-Tutorial-Project.html,http://goldironhack2016.herokuapp.com/p1-zhao719/home.html,,
marti763,zhe1994,http://goldironhack2016.herokuapp.com/p1-marti763/2016-Purdue-Ironhacks-Tutorial-Project.html,http://goldironhack2016.herokuapp.com/p1-zhe1994/home.html,,
michaelredding,michaelredding,http://goldironhack2016.herokuapp.com/p1-michaelredding/index.php,http://goldironhack2016.herokuapp.com/p1-michaelredding/index.php,11.396109241841469,0
michaelredding,mingranli,http://goldironhack2016.herokuapp.com/p1-michaelredding/index.php,http://goldironhack2016.herokuapp.com/p1-mingranli/index.php,11.396109241841469,0
michaelredding,mlung,http://goldironhack2016.herokuapp.com/p1-michaelredding/index.php,http://goldironhack2016.herokuapp.com/p1-mlung/2016-Purdue-Ironhacks-Tutorial-Project.html,11.396109241841469,0
michaelredding,owen9211,http://goldironhack2016.herokuapp.com/p1-michaelredding/index.php,http://goldironhack2016.herokuapp.com/p1-owen9211/home.html,,
michaelredding,peng115,http://goldironhack2016.herokuapp.com/p1-michaelredding/index.php,http://goldironhack2016.herokuapp.com/p1-peng115/2016-Purdue-Ironhacks-Tutorial-Project.html,11.396109241841469,0
michaelredding,ravengao,http://goldironhack2016.herokuapp.com/p1-michaelredding/index.php,http://goldironhack2016.herokuapp.com/p1-ravengao/home.html,,
michaelredding,ssandeep,http://goldironhack2016.herokuapp.com/p1-michaelredding/index.php,http://goldironhack2016.herokuapp.com/p1-ssandeep/home.html,,
michaelredding,steven91,http://goldironhack2016.herokuapp.com/p1-michaelredding/index.php,http://goldironhack2016.herokuapp.com/p1-steven91/home.html,,
michaelredding,tang227,http://goldironhack2016.herokuapp.com/p1-michaelredding/index.php,http://goldironhack2016.herokuapp.com/p1-tang227/home.html,,
michaelredding,vtung,http://goldironhack2016.herokuapp.com/p1-michaelredding/index.php,http://goldironhack2016.herokuapp.com/p1-vtung/home.html,,
michaelredding,wenjiewu,http://goldironhack2016.herokuapp.com/p1-michaelredding/index.php,http://goldironhack2016.herokuapp.com/p1-wenjiewu/2016-Purdue-Ironhacks-Tutorial-Project.html,11.396109241841469,0
michaelredding,yexin,http://goldironhack2016.herokuapp.com/p1-michaelredding/index.php,http://goldironhack2016.herokuapp.com/p1-yexin/home.html,,
michaelredding,yifeitai,http://goldironhack2016.herokuapp.com/p1-michaelredding/index.php,http://goldironhack2016.herokuapp.com/p1-yifeitai/2016-Purdue-Ironhacks-Tutorial-Project.html,11.396109241841469,0
michaelredding,yunhan,http://goldironhack2016.herokuapp.com/p1-michaelredding/index.php,http://goldironhack2016.herokuapp.com/p1-yunhan/home.html,,
michaelredding,zhan1046,http://goldironhack2016.herokuapp.com/p1-michaelredding/index.php,http://goldironhack2016.herokuapp.com/p1-zhan1046/home.html,,
michaelredding,zhan2709,http://goldironhack2016.herokuapp.com/p1-michaelredding/index.php,http://goldironhack2016.herokuapp.com/p1-zhan2709/home.html,,
michaelredding,zhao719,http://goldironhack2016.herokuapp.com/p1-michaelredding/index.php,http://goldironhack2016.herokuapp.com/p1-zhao719/home.html,,
michaelredding,zhe1994,http://goldironhack2016.herokuapp.com/p1-michaelredding/index.php,http://goldironhack2016.herokuapp.com/p1-zhe1994/home.html,,
mingranli,mingranli,http://goldironhack2016.herokuapp.com/p1-mingranli/index.php,http://goldironhack2016.herokuapp.com/p1-mingranli/index.php,11.396109241841469,0
mingranli,mlung,http://goldironhack2016.herokuapp.com/p1-mingranli/index.php,http://goldironhack2016.herokuapp.com/p1-mlung/2016-Purdue-Ironhacks-Tutorial-Project.html,11.396109241841469,0
mingranli,owen9211,http://goldironhack2016.herokuapp.com/p1-mingranli/index.php,http://goldironhack2016.herokuapp.com/p1-owen9211/home.html,,
mingranli,peng115,http://goldironhack2016.herokuapp.com/p1-mingranli/index.php,http://goldironhack2016.herokuapp.com/p1-peng115/2016-Purdue-Ironhacks-Tutorial-Project.html,11.396109241841469,0
mingranli,ravengao,http://goldironhack2016.herokuapp.com/p1-mingranli/index.php,http://goldironhack2016.herokuapp.com/p1-ravengao/home.html,,
mingranli,ssandeep,http://goldironhack2016.herokuapp.com/p1-mingranli/index.php,http://goldironhack2016.herokuapp.com/p1-ssandeep/home.html,,
mingranli,steven91,http://goldironhack2016.herokuapp.com/p1-mingranli/index.php,http://goldironhack2016.herokuapp.com/p1-steven91/home.html,,
mingranli,tang227,http://goldironhack2016.herokuapp.com/p1-mingranli/index.php,http://goldironhack2016.herokuapp.com/p1-tang227/home.html,,
mingranli,vtung,http://goldironhack2016.herokuapp.com/p1-mingranli/index.php,http://goldironhack2016.herokuapp.com/p1-vtung/home.html,,
mingranli,wenjiewu,http://goldironhack2016.herokuapp.com/p1-mingranli/index.php,http://goldironhack2016.herokuapp.com/p1-wenjiewu/2016-Purdue-Ironhacks-Tutorial-Project.html,11.396109241841469,0
mingranli,yexin,http://goldironhack2016.herokuapp.com/p1-mingranli/index.php,http://goldironhack2016.herokuapp.com/p1-yexin/home.html,,
mingranli,yifeitai,http://goldironhack2016.herokuapp.com/p1-mingranli/index.php,http://goldironhack2016.herokuapp.com/p1-yifeitai/2016-Purdue-Ironhacks-Tutorial-Project.html,11.396109241841469,0
mingranli,yunhan,http://goldironhack2016.herokuapp.com/p1-mingranli/index.php,http://goldironhack2016.herokuapp.com/p1-yunhan/home.html,,
mingranli,zhan1046,http://goldironhack2016.herokuapp.com/p1-mingranli/index.php,http://goldironhack2016.herokuapp.com/p1-zhan1046/home.html,,
mingranli,zhan2709,http://goldironhack2016.herokuapp.com/p1-mingranli/index.php,http://goldironhack2016.herokuapp.com/p1-zhan2709/home.html,,
mingranli,zhao719,http://goldironhack2016.herokuapp.com/p1-mingranli/index.php,http://goldironhack2016.herokuapp.com/p1-zhao719/home.html,,
mingranli,zhe1994,http://goldironhack2016.herokuapp.com/p1-mingranli/index.php,http://goldironhack2016.herokuapp.com/p1-zhe1994/home.html,,
mlung,mlung,http://goldironhack2016.herokuapp.com/p1-mlung/2016-Purdue-Ironhacks-Tutorial-Project.html,http://goldironhack2016.herokuapp.com/p1-mlung/2016-Purdue-Ironhacks-Tutorial-Project.html,11.396109241841469,0
mlung,owen9211,http://goldironhack2016.herokuapp.com/p1-mlung/2016-Purdue-Ironhacks-Tutorial-Project.html,http://goldironhack2016.herokuapp.com/p1-owen9211/home.html,,
mlung,peng115,http://goldironhack2016.herokuapp.com/p1-mlung/2016-Purdue-Ironhacks-Tutorial-Project.html,http://goldironhack2016.herokuapp.com/p1-peng115/2016-Purdue-Ironhacks-Tutorial-Project.html,11.396109241841469,0
mlung,ravengao,http://goldironhack2016.herokuapp.com/p1-mlung/2016-Purdue-Ironhacks-Tutorial-Project.html,http://goldironhack2016.herokuapp.com/p1-ravengao/home.html,,
mlung,ssandeep,http://goldironhack2016.herokuapp.com/p1-mlung/2016-Purdue-Ironhacks-Tutorial-Project.html,http://goldironhack2016.herokuapp.com/p1-ssandeep/home.html,,
mlung,steven91,http://goldironhack2016.herokuapp.com/p1-mlung/2016-Purdue-Ironhacks-Tutorial-Project.html,http://goldironhack2016.herokuapp.com/p1-steven91/home.html,,
mlung,tang227,http://goldironhack2016.herokuapp.com/p1-mlung/2016-Purdue-Ironhacks-Tutorial-Project.html,http://goldironhack2016.herokuapp.com/p1-tang227/home.html,,
mlung,vtung,http://goldironhack2016.herokuapp.com/p1-mlung/2016-Purdue-Ironhacks-Tutorial-Project.html,http://goldironhack2016.herokuapp.com/p1-vtung/home.html,,
mlung,wenjiewu,http://goldironhack2016.herokuapp.com/p1-mlung/2016-Purdue-Ironhacks-Tutorial-Project.html,http://goldironhack2016.herokuapp.com/p1-wenjiewu/2016-Purdue-Ironhacks-Tutorial-Project.html,11.396109241841469,0
mlung,yexin,http://goldironhack2016.herokuapp.com/p1-mlung/2016-Purdue-Ironhacks-Tutorial-Project.html,http://goldironhack2016.herokuapp.com/p1-yexin/home.html,,
mlung,yifeitai,http://goldironhack2016.herokuapp.com/p1-mlung/2016-Purdue-Ironhacks-Tutorial-Project.html,http://goldironhack2016.herokuapp.com/p1-yifeitai/2016-Purdue-Ironhacks-Tutorial-Project.html,11.396109241841469,0
mlung,yunhan,http://goldironhack2016.herokuapp.com/p1-mlung/2016-Purdue-Ironhacks-Tutorial-Project.html,http://goldironhack2016.herokuapp.com/p1-yunhan/home.html,,
mlung,zhan1046,http://goldironhack2016.herokuapp.com/p1-mlung/2016-Purdue-Ironhacks-Tutorial-Project.html,http://goldironhack2016.herokuapp.com/p1-zhan1046/home.html,,
mlung,zhan2709,http://goldironhack2016.herokuapp.com/p1-mlung/2016-Purdue-Ironhacks-Tutorial-Project.html,http://goldironhack2016.herokuapp.com/p1-zhan2709/home.html,,
mlung,zhao719,http://goldironhack2016.herokuapp.com/p1-mlung/2016-Purdue-Ironhacks-Tutorial-Project.html,http://goldironhack2016.herokuapp.com/p1-zhao719/home.html,,
mlung,zhe1994,http://goldironhack2016.herokuapp.com/p1-mlung/2016-Purdue-Ironhacks-Tutorial-Project.html,http://goldironhack2016.herokuapp.com/p1-zhe1994/home.html,,
owen9211,owen9211,http://goldironhack2016.herokuapp.com/p1-owen9211/home.html,http://goldironhack2016.herokuapp.com/p1-owen9211/home.html,,
owen9211,peng115,http://goldironhack2016.herokuapp.com/p1-owen9211/home.html,http://goldironhack2016.herokuapp.com/p1-peng115/2016-Purdue-Ironhacks-Tutorial-Project.html,,
owen9211,ravengao,http://goldironhack2016.herokuapp.com/p1-owen9211/home.html,http://goldironhack2016.herokuapp.com/p1-ravengao/home.html,,
owen9211,ssandeep,http://goldironhack2016.herokuapp.com/p1-owen9211/home.html,http://goldironhack2016.herokuapp.com/p1-ssandeep/home.html,,
owen9211,steven91,http://goldironhack2016.herokuapp.com/p1-owen9211/home.html,http://goldironhack2016.herokuapp.com/p1-steven91/home.html,,
owen9211,tang227,http://goldironhack2016.herokuapp.com/p1-owen9211/home.html,http://goldironhack2016.herokuapp.com/p1-tang227/home.html,,
owen9211,vtung,http://goldironhack2016.herokuapp.com/p1-owen9211/home.html,http://goldironhack2016.herokuapp.com/p1-vtung/home.html,,
owen9211,wenjiewu,http://goldironhack2016.herokuapp.com/p1-owen9211/home.html,http://goldironhack2016.herokuapp.com/p1-wenjiewu/2016-Purdue-Ironhacks-Tutorial-Project.html,,
owen9211,yexin,http://goldironhack2016.herokuapp.com/p1-owen9211/home.html,http://goldironhack2016.herokuapp.com/p1-yexin/home.html,,
owen9211,yifeitai,http://goldironhack2016.herokuapp.com/p1-owen9211/home.html,http://goldironhack2016.herokuapp.com/p1-yifeitai/2016-Purdue-Ironhacks-Tutorial-Project.html,,
owen9211,yunhan,http://goldironhack2016.herokuapp.com/p1-owen9211/home.html,http://goldironhack2016.herokuapp.com/p1-yunhan/home.html,,
owen9211,zhan1046,http://goldironhack2016.herokuapp.com/p1-owen9211/home.html,http://goldironhack2016.herokuapp.com/p1-zhan1046/home.html,,
owen9211,zhan2709,http://goldironhack2016.herokuapp.com/p1-owen9211/home.html,http://goldironhack2016.herokuapp.com/p1-zhan2709/home.html,,
owen9211,zhao719,http://goldironhack2016.herokuapp.com/p1-owen9211/home.html,http://goldironhack2016.herokuapp.com/p1-zhao719/home.html,,
owen9211,zhe1994,http://goldironhack2016.herokuapp.com/p1-owen9211/home.html,http://goldironhack2016.herokuapp.com/p1-zhe1994/home.html,,
peng115,peng115,http://goldironhack2016.herokuapp.com/p1-peng115/2016-Purdue-Ironhacks-Tutorial-Project.html,http://goldironhack2016.herokuapp.com/p1-peng115/2016-Purdue-Ironhacks-Tutorial-Project.html,11.396109241841469,0
peng115,ravengao,http://goldironhack2016.herokuapp.com/p1-peng115/2016-Purdue-Ironhacks-Tutorial-Project.html,http://goldironhack2016.herokuapp.com/p1-ravengao/home.html,,
peng115,ssandeep,http://goldironhack2016.herokuapp.com/p1-peng115/2016-Purdue-Ironhacks-Tutorial-Project.html,http://goldironhack2016.herokuapp.com/p1-ssandeep/home.html,,
peng115,steven91,http://goldironhack2016.herokuapp.com/p1-peng115/2016-Purdue-Ironhacks-Tutorial-Project.html,http://goldironhack2016.herokuapp.com/p1-steven91/home.html,,
peng115,tang227,http://goldironhack2016.herokuapp.com/p1-peng115/2016-Purdue-Ironhacks-Tutorial-Project.html,http://goldironhack2016.herokuapp.com/p1-tang227/home.html,,
peng115,vtung,http://goldironhack2016.herokuapp.com/p1-peng115/2016-Purdue-Ironhacks-Tutorial-Project.html,http://goldironhack2016.herokuapp.com/p1-vtung/home.html,,
peng115,wenjiewu,http://goldironhack2016.herokuapp.com/p1-peng115/2016-Purdue-Ironhacks-Tutorial-Project.html,http://goldironhack2016.herokuapp.com/p1-wenjiewu/2016-Purdue-Ironhacks-Tutorial-Project.html,11.396109241841469,0
peng115,yexin,http://goldironhack2016.herokuapp.com/p1-peng115/2016-Purdue-Ironhacks-Tutorial-Project.html,http://goldironhack2016.herokuapp.com/p1-yexin/home.html,,
peng115,yifeitai,http://goldironhack2016.herokuapp.com/p1-peng115/2016-Purdue-Ironhacks-Tutorial-Project.html,http://goldironhack2016.herokuapp.com/p1-yifeitai/2016-Purdue-Ironhacks-Tutorial-Project.html,11.396109241841469,0
peng115,yunhan,http://goldironhack2016.herokuapp.com/p1-peng115/2016-Purdue-Ironhacks-Tutorial-Project.html,http://goldironhack2016.herokuapp.com/p1-yunhan/home.html,,
peng115,zhan1046,http://goldironhack2016.herokuapp.com/p1-peng115/2016-Purdue-Ironhacks-Tutorial-Project.html,http://goldironhack2016.herokuapp.com/p1-zhan1046/home.html,,
peng115,zhan2709,http://goldironhack2016.herokuapp.com/p1-peng115/2016-Purdue-Ironhacks-Tutorial-Project.html,http://goldironhack2016.herokuapp.com/p1-zhan2709/home.html,,
peng115,zhao719,http://goldironhack2016.herokuapp.com/p1-peng115/2016-Purdue-Ironhacks-Tutorial-Project.html,http://goldironhack2016.herokuapp.com/p1-zhao719/home.html,,
peng115,zhe1994,http://goldironhack2016.herokuapp.com/p1-peng115/2016-Purdue-Ironhacks-Tutorial-Project.html,http://goldironhack2016.herokuapp.com/p1-zhe1994/home.html,,
ravengao,ravengao,http://goldironhack2016.herokuapp.com/p1-ravengao/home.html,http://goldironhack2016.herokuapp.com/p1-ravengao/home.html,,
ravengao,ssandeep,http://goldironhack2016.herokuapp.com/p1-ravengao/home.html,http://goldironhack2016.herokuapp.com/p1-ssandeep/home.html,,
ravengao,steven91,http://goldironhack2016.herokuapp.com/p1-ravengao/home.html,http://goldironhack2016.herokuapp.com/p1-steven91/home.html,,
ravengao,tang227,http://goldironhack2016.herokuapp.com/p1-ravengao/home.html,http://goldironhack2016.herokuapp.com/p1-tang227/home.html,,
ravengao,vtung,http://goldironhack2016.herokuapp.com/p1-ravengao/home.html,http://goldironhack2016.herokuapp.com/p1-vtung/home.html,,
ravengao,wenjiewu,http://goldironhack2016.herokuapp.com/p1-ravengao/home.html,http://goldironhack2016.herokuapp.com/p1-wenjiewu/2016-Purdue-Ironhacks-Tutorial-Project.html,,
ravengao,yexin,http://goldironhack2016.herokuapp.com/p1-ravengao/home.html,http://goldironhack2016.herokuapp.com/p1-yexin/home.html,,
ravengao,yifeitai,http://goldironhack2016.herokuapp.com/p1-ravengao/home.html,http://goldironhack2016.herokuapp.com/p1-yifeitai/2016-Purdue-Ironhacks-Tutorial-Project.html,,
ravengao,yunhan,http://goldironhack2016.herokuapp.com/p1-ravengao/home.html,http://goldironhack2016.herokuapp.com/p1-yunhan/home.html,,
ravengao,zhan1046,http://goldironhack2016.herokuapp.com/p1-ravengao/home.html,http://goldironhack2016.herokuapp.com/p1-zhan1046/home.html,,
ravengao,zhan2709,http://goldironhack2016.herokuapp.com/p1-ravengao/home.html,http://goldironhack2016.herokuapp.com/p1-zhan2709/home.html,,
ravengao,zhao719,http://goldironhack2016.herokuapp.com/p1-ravengao/home.html,http://goldironhack2016.herokuapp.com/p1-zhao719/home.html,,
ravengao,zhe1994,http://goldironhack2016.herokuapp.com/p1-ravengao/home.html,http://goldironhack2016.herokuapp.com/p1-zhe1994/home.html,,
ssandeep,ssandeep,http://goldironhack2016.herokuapp.com/p1-ssandeep/home.html,http://goldironhack2016.herokuapp.com/p1-ssandeep/home.html,,
ssandeep,steven91,http://goldironhack2016.herokuapp.com/p1-ssandeep/home.html,http://goldironhack2016.herokuapp.com/p1-steven91/home.html,,
ssandeep,tang227,http://goldironhack2016.herokuapp.com/p1-ssandeep/home.html,http://goldironhack2016.herokuapp.com/p1-tang227/home.html,,
ssandeep,vtung,http://goldironhack2016.herokuapp.com/p1-ssandeep/home.html,http://goldironhack2016.herokuapp.com/p1-vtung/home.html,,
ssandeep,wenjiewu,http://goldironhack2016.herokuapp.com/p1-ssandeep/home.html,http://goldironhack2016.herokuapp.com/p1-wenjiewu/2016-Purdue-Ironhacks-Tutorial-Project.html,,
ssandeep,yexin,http://goldironhack2016.herokuapp.com/p1-ssandeep/home.html,http://goldironhack2016.herokuapp.com/p1-yexin/home.html,,
ssandeep,yifeitai,http://goldironhack2016.herokuapp.com/p1-ssandeep/home.html,http://goldironhack2016.herokuapp.com/p1-yifeitai/2016-Purdue-Ironhacks-Tutorial-Project.html,,
ssandeep,yunhan,http://goldironhack2016.herokuapp.com/p1-ssandeep/home.html,http://goldironhack2016.herokuapp.com/p1-yunhan/home.html,,
ssandeep,zhan1046,http://goldironhack2016.herokuapp.com/p1-ssandeep/home.html,http://goldironhack2016.herokuapp.com/p1-zhan1046/home.html,,
ssandeep,zhan2709,http://goldironhack2016.herokuapp.com/p1-ssandeep/home.html,http://goldironhack2016.herokuapp.com/p1-zhan2709/home.html,,
ssandeep,zhao719,http://goldironhack2016.herokuapp.com/p1-ssandeep/home.html,http://goldironhack2016.herokuapp.com/p1-zhao719/home.html,,
ssandeep,zhe1994,http://goldironhack2016.herokuapp.com/p1-ssandeep/home.html,http://goldironhack2016.herokuapp.com/p1-zhe1994/home.html,,
steven91,steven91,http://goldironhack2016.herokuapp.com/p1-steven91/home.html,http://goldironhack2016.herokuapp.com/p1-steven91/home.html,,
steven91,tang227,http://goldironhack2016.herokuapp.com/p1-steven91/home.html,http://goldironhack2016.herokuapp.com/p1-tang227/home.html,,
steven91,vtung,http://goldironhack2016.herokuapp.com/p1-steven91/home.html,http://goldironhack2016.herokuapp.com/p1-vtung/home.html,,
steven91,wenjiewu,http://goldironhack2016.herokuapp.com/p1-steven91/home.html,http://goldironhack2016.herokuapp.com/p1-wenjiewu/2016-Purdue-Ironhacks-Tutorial-Project.html,,
steven91,yexin,http://goldironhack2016.herokuapp.com/p1-steven91/home.html,http://goldironhack2016.herokuapp.com/p1-yexin/home.html,,
steven91,yifeitai,http://goldironhack2016.herokuapp.com/p1-steven91/home.html,http://goldironhack2016.herokuapp.com/p1-yifeitai/2016-Purdue-Ironhacks-Tutorial-Project.html,,
steven91,yunhan,http://goldironhack2016.herokuapp.com/p1-steven91/home.html,http://goldironhack2016.herokuapp.com/p1-yunhan/home.html,,
steven91,zhan1046,http://goldironhack2016.herokuapp.com/p1-steven91/home.html,http://goldironhack2016.herokuapp.com/p1-zhan1046/home.html,,
steven91,zhan2709,http://goldironhack2016.herokuapp.com/p1-steven91/home.html,http://goldironhack2016.herokuapp.com/p1-zhan2709/home.html,,
steven91,zhao719,http://goldironhack2016.herokuapp.com/p1-steven91/home.html,http://goldironhack2016.herokuapp.com/p1-zhao719/home.html,,
steven91,zhe1994,http://goldironhack2016.herokuapp.com/p1-steven91/home.html,http://goldironhack2016.herokuapp.com/p1-zhe1994/home.html,,
tang227,tang227,http://goldironhack2016.herokuapp.com/p1-tang227/home.html,http://goldironhack2016.herokuapp.com/p1-tang227/home.html,,
tang227,vtung,http://goldironhack2016.herokuapp.com/p1-tang227/home.html,http://goldironhack2016.herokuapp.com/p1-vtung/home.html,,
tang227,wenjiewu,http://goldironhack2016.herokuapp.com/p1-tang227/home.html,http://goldironhack2016.herokuapp.com/p1-wenjiewu/2016-Purdue-Ironhacks-Tutorial-Project.html,,
tang227,yexin,http://goldironhack2016.herokuapp.com/p1-tang227/home.html,http://goldironhack2016.herokuapp.com/p1-yexin/home.html,,
tang227,yifeitai,http://goldironhack2016.herokuapp.com/p1-tang227/home.html,http://goldironhack2016.herokuapp.com/p1-yifeitai/2016-Purdue-Ironhacks-Tutorial-Project.html,,
tang227,yunhan,http://goldironhack2016.herokuapp.com/p1-tang227/home.html,http://goldironhack2016.herokuapp.com/p1-yunhan/home.html,,
tang227,zhan1046,http://goldironhack2016.herokuapp.com/p1-tang227/home.html,http://goldironhack2016.herokuapp.com/p1-zhan1046/home.html,,
tang227,zhan2709,http://goldironhack2016.herokuapp.com/p1-tang227/home.html,http://goldironhack2016.herokuapp.com/p1-zhan2709/home.html,,
tang227,zhao719,http://goldironhack2016.herokuapp.com/p1-tang227/home.html,http://goldironhack2016.herokuapp.com/p1-zhao719/home.html,,
tang227,zhe1994,http://goldironhack2016.herokuapp.com/p1-tang227/home.html,http://goldironhack2016.herokuapp.com/p1-zhe1994/home.html,,
vtung,vtung,http://goldironhack2016.herokuapp.com/p1-vtung/home.html,http://goldironhack2016.herokuapp.com/p1-vtung/home.html,,
vtung,wenjiewu,http://goldironhack2016.herokuapp.com/p1-vtung/home.html,http://goldironhack2016.herokuapp.com/p1-wenjiewu/2016-Purdue-Ironhacks-Tutorial-Project.html,,
vtung,yexin,http://goldironhack2016.herokuapp.com/p1-vtung/home.html,http://goldironhack2016.herokuapp.com/p1-yexin/home.html,,
vtung,yifeitai,http://goldironhack2016.herokuapp.com/p1-vtung/home.html,http://goldironhack2016.herokuapp.com/p1-yifeitai/2016-Purdue-Ironhacks-Tutorial-Project.html,,
vtung,yunhan,http://goldironhack2016.herokuapp.com/p1-vtung/home.html,http://goldironhack2016.herokuapp.com/p1-yunhan/home.html,,
vtung,zhan1046,http://goldironhack2016.herokuapp.com/p1-vtung/home.html,http://goldironhack2016.herokuapp.com/p1-zhan1046/home.html,,
vtung,zhan2709,http://goldironhack2016.herokuapp.com/p1-vtung/home.html,http://goldironhack2016.herokuapp.com/p1-zhan2709/home.html,,
vtung,zhao719,http://goldironhack2016.herokuapp.com/p1-vtung/home.html,http://goldironhack2016.herokuapp.com/p1-zhao719/home.html,,
vtung,zhe1994,http://goldironhack2016.herokuapp.com/p1-vtung/home.html,http://goldironhack2016.herokuapp.com/p1-zhe1994/home.html,,
wenjiewu,wenjiewu,http://goldironhack2016.herokuapp.com/p1-wenjiewu/2016-Purdue-Ironhacks-Tutorial-Project.html,http://goldironhack2016.herokuapp.com/p1-wenjiewu/2016-Purdue-Ironhacks-Tutorial-Project.html,11.396109241841469,0
wenjiewu,yexin,http://goldironhack2016.herokuapp.com/p1-wenjiewu/2016-Purdue-Ironhacks-Tutorial-Project.html,http://goldironhack2016.herokuapp.com/p1-yexin/home.html,,
wenjiewu,yifeitai,http://goldironhack2016.herokuapp.com/p1-wenjiewu/2016-Purdue-Ironhacks-Tutorial-Project.html,http://goldironhack2016.herokuapp.com/p1-yifeitai/2016-Purdue-Ironhacks-Tutorial-Project.html,11.396109241841469,0
wenjiewu,yunhan,http://goldironhack2016.herokuapp.com/p1-wenjiewu/2016-Purdue-Ironhacks-Tutorial-Project.html,http://goldironhack2016.herokuapp.com/p1-yunhan/home.html,,
wenjiewu,zhan1046,http://goldironhack2016.herokuapp.com/p1-wenjiewu/2016-Purdue-Ironhacks-Tutorial-Project.html,http://goldironhack2016.herokuapp.com/p1-zhan1046/home.html,,
wenjiewu,zhan2709,http://goldironhack2016.herokuapp.com/p1-wenjiewu/2016-Purdue-Ironhacks-Tutorial-Project.html,http://goldironhack2016.herokuapp.com/p1-zhan2709/home.html,,
wenjiewu,zhao719,http://goldironhack2016.herokuapp.com/p1-wenjiewu/2016-Purdue-Ironhacks-Tutorial-Project.html,http://goldironhack2016.herokuapp.com/p1-zhao719/home.html,,
wenjiewu,zhe1994,http://goldironhack2016.herokuapp.com/p1-wenjiewu/2016-Purdue-Ironhacks-Tutorial-Project.html,http://goldironhack2016.herokuapp.com/p1-zhe1994/home.html,,
yexin,yexin,http://goldironhack2016.herokuapp.com/p1-yexin/home.html,http://goldironhack2016.herokuapp.com/p1-yexin/home.html,,
yexin,yifeitai,http://goldironhack2016.herokuapp.com/p1-yexin/home.html,http://goldironhack2016.herokuapp.com/p1-yifeitai/2016-Purdue-Ironhacks-Tutorial-Project.html,,
yexin,yunhan,http://goldironhack2016.herokuapp.com/p1-yexin/home.html,http://goldironhack2016.herokuapp.com/p1-yunhan/home.html,,
yexin,zhan1046,http://goldironhack2016.herokuapp.com/p1-yexin/home.html,http://goldironhack2016.herokuapp.com/p1-zhan1046/home.html,,
yexin,zhan2709,http://goldironhack2016.herokuapp.com/p1-yexin/home.html,http://goldironhack2016.herokuapp.com/p1-zhan2709/home.html,,
yexin,zhao719,http://goldironhack2016.herokuapp.com/p1-yexin/home.html,http://goldironhack2016.herokuapp.com/p1-zhao719/home.html,,
yexin,zhe1994,http://goldironhack2016.herokuapp.com/p1-yexin/home.html,http://goldironhack2016.herokuapp.com/p1-zhe1994/home.html,,
yifeitai,yifeitai,http://goldironhack2016.herokuapp.com/p1-yifeitai/2016-Purdue-Ironhacks-Tutorial-Project.html,http://goldironhack2016.herokuapp.com/p1-yifeitai/2016-Purdue-Ironhacks-Tutorial-Project.html,11.396109241841469,0
yifeitai,yunhan,http://goldironhack2016.herokuapp.com/p1-yifeitai/2016-Purdue-Ironhacks-Tutorial-Project.html,http://goldironhack2016.herokuapp.com/p1-yunhan/home.html,,
yifeitai,zhan1046,http://goldironhack2016.herokuapp.com/p1-yifeitai/2016-Purdue-Ironhacks-Tutorial-Project.html,http://goldironhack2016.herokuapp.com/p1-zhan1046/home.html,,
yifeitai,zhan2709,http://goldironhack2016.herokuapp.com/p1-yifeitai/2016-Purdue-Ironhacks-Tutorial-Project.html,http://goldironhack2016.herokuapp.com/p1-zhan2709/home.html,,
yifeitai,zhao719,http://goldironhack2016.herokuapp.com/p1-yifeitai/2016-Purdue-Ironhacks-Tutorial-Project.html,http://goldironhack2016.herokuapp.com/p1-zhao719/home.html,,
yifeitai,zhe1994,http://goldironhack2016.herokuapp.com/p1-yifeitai/2016-Purdue-Ironhacks-Tutorial-Project.html,http://goldironhack2016.herokuapp.com/p1-zhe1994/home.html,,
yunhan,yunhan,http://goldironhack2016.herokuapp.com/p1-yunhan/home.html,http://goldironhack2016.herokuapp.com/p1-yunhan/home.html,,
yunhan,zhan1046,http://goldironhack2016.herokuapp.com/p1-yunhan/home.html,http://goldironhack2016.herokuapp.com/p1-zhan1046/home.html,,
yunhan,zhan2709,http://goldironhack2016.herokuapp.com/p1-yunhan/home.html,http://goldironhack2016.herokuapp.com/p1-zhan2709/home.html,,
yunhan,zhao719,http://goldironhack2016.herokuapp.com/p1-yunhan/home.html,http://goldironhack2016.herokuapp.com/p1-zhao719/home.html,,
yunhan,zhe1994,http://goldironhack2016.herokuapp.com/p1-yunhan/home.html,http://goldironhack2016.herokuapp.com/p1-zhe1994/home.html,,
zhan1046,zhan1046,http://goldironhack2016.herokuapp.com/p1-zhan1046/home.html,http://goldironhack2016.herokuapp.com/p1-zhan1046/home.html,,
zhan1046,zhan2709,http://goldironhack2016.herokuapp.com/p1-zhan1046/home.html,http://goldironhack2016.herokuapp.com/p1-zhan2709/home.html,,
zhan1046,zhao719,http://goldironhack2016.herokuapp.com/p1-zhan1046/home.html,http://goldironhack2016.herokuapp.com/p1-zhao719/home.html,,
zhan1046,zhe1994,http://goldironhack2016.herokuapp.com/p1-zhan1046/home.html,http://goldironhack2016.herokuapp.com/p1-zhe1994/home.html,,
zhan2709,zhan2709,http://goldironhack2016.herokuapp.com/p1-zhan2709/home.html,http://goldironhack2016.herokuapp.com/p1-zhan2709/home.html,,
zhan2709,zhao719,http://goldironhack2016.herokuapp.com/p1-zhan2709/home.html,http://goldironhack2016.herokuapp.com/p1-zhao719/home.html,,
zhan2709,zhe1994,http://goldironhack2016.herokuapp.com/p1-zhan2709/home.html,http://goldironhack2016.herokuapp.com/p1-zhe1994/home.html,,
zhao719,zhao719,http://goldironhack2016.herokuapp.com/p1-zhao719/home.html,http://goldironhack2016.herokuapp.com/p1-zhao719/home.html,,
zhao719,zhe1994,http://goldironhack2016.herokuapp.com/p1-zhao719/home.html,http://goldironhack2016.herokuapp.com/p1-zhe1994/home.html,,
zhe1994,zhe1994,http://goldironhack2016.herokuapp.com/p1-zhe1994/home.html,http://goldironhack2016.herokuapp.com/p1-zhe1994/home.html,,